CookerStat, GenerateAssetRegistry=0.023823, Initialize=0.120390, RunGuid=RunID6A38CD7E46A4268F60B7E287FBA979FD
DDCTransactionIdDBEC4C4E4EA5463164667CB712EE89EB_0, BuildTexture=, CacheKey=TEXTURE_814DCC3DC72143F49509781513CB9855_AutoDXT_704822B64E07281B97CD85AE308F54B1_07_0000803F0000803F0000803F000000000000803F00000000000000000000803F0000000000000000020000000E000000000000000101000000040000803FFFFFFFFF00000000FF00FF00FFFF8180803B, StartTime=2016.07.08-14.22.35, Duration=145.195694, RunGuid=RunID6A38CD7E46A4268F60B7E287FBA979FD
DDCTransactionIdC59F303D4982DFCDB46D288458C4AB90_0, PutCachedData=, CacheKey=TEXTURE_814DCC3DC72143F49509781513CB9855_AutoDXT_704822B64E07281B97CD85AE308F5__374A23A8D8F650C5E321968436051EAE25B123A1, StartTime=2016.07.08-14.22.35, HierarchicalDDC=, DataSize=1048841, Duration=3.640376, RunGuid=RunID6A38CD7E46A4268F60B7E287FBA979FD
DDCTransactionId3D268C204563D19665CFA69340419372_0, PutCachedData=, CacheKey=TEXTURE_814DCC3DC72143F49509781513CB9855_AutoDXT_704822B64E07281B97CD85AE308F5__8295B2039BC8BB35126603933A168F0EB0C1EDC6, StartTime=2016.07.08-14.22.36, HierarchicalDDC=, DataSize=262407, Duration=2.581462, RunGuid=RunID6A38CD7E46A4268F60B7E287FBA979FD
DDCTransactionId0CD0B7B5484398BCDCEF7DAEF7C70828_0, PutCachedData=, CacheKey=TEXTURE_814DCC3DC72143F49509781513CB9855_AutoDXT_704822B64E07281B97CD85AE308F5__98A5A46A65B27FF825AB03E63388B6C0704CA746, StartTime=2016.07.08-14.22.36, HierarchicalDDC=, DataSize=65799, Duration=2.360661, RunGuid=RunID6A38CD7E46A4268F60B7E287FBA979FD
DDCTransactionId0CD0B7B5484398BCDCEF7DAEF7C70828_1, PutCachedData=, CacheKey=TEXTURE_814DCC3DC72143F49509781513CB9855_AutoDXT_704822B64E07281B97CD85AE308F5__9F7ABAB7FECA6BD8C83DD67A7A3B37158A50E03D, StartTime=2016.07.08-14.22.36, HierarchicalDDC=, DataSize=16647, Duration=2.209276, RunGuid=RunID6A38CD7E46A4268F60B7E287FBA979FD
DDCTransactionId3D268C204563D19665CFA69340419372_1, PutCachedData=, CacheKey=TEXTURE_814DCC3DC72143F49509781513CB9855_AutoDXT_704822B64E07281B97CD85AE308F5__12C72EDCC38BAC9F9148804F8DA454B945814C29, StartTime=2016.07.08-14.22.36, HierarchicalDDC=, DataSize=7196, Duration=1.889605, RunGuid=RunID6A38CD7E46A4268F60B7E287FBA979FD
DDCTransactionIdDBEC4C4E4EA5463164667CB712EE89EB_1, BuildTexture=, CacheKey=TEXTURE_814DCC3DC72143F49509781513CB9855_AutoDXT_16A317334847B7C7B03BC187D7105222_07_0000803F0000803F0000803F000000000000803F00000000000000000000803F0000000000000000020000000E000000000000000101000000040000803FFFFFFFFF00000000FF00FF00FFFF8180803B, StartTime=2016.07.08-14.22.36, Duration=86.279099, RunGuid=RunID6A38CD7E46A4268F60B7E287FBA979FD
DDCTransactionIdC59F303D4982DFCDB46D288458C4AB90_1, PutCachedData=, CacheKey=TEXTURE_814DCC3DC72143F49509781513CB9855_AutoDXT_16A317334847B7C7B03BC187D7105__7740E21437EE5C697EBA2021B13A943B0C436F51, StartTime=2016.07.08-14.22.36, HierarchicalDDC=, DataSize=1048841, Duration=3.143702, RunGuid=RunID6A38CD7E46A4268F60B7E287FBA979FD
DDCTransactionId3D268C204563D19665CFA69340419372_2, PutCachedData=, CacheKey=TEXTURE_814DCC3DC72143F49509781513CB9855_AutoDXT_16A317334847B7C7B03BC187D7105__95D938E4762BE3F8513401F59B022A892EA44AB2, StartTime=2016.07.08-14.22.36, HierarchicalDDC=, DataSize=262407, Duration=2.539963, RunGuid=RunID6A38CD7E46A4268F60B7E287FBA979FD
DDCTransactionId0CD0B7B5484398BCDCEF7DAEF7C70828_2, PutCachedData=, CacheKey=TEXTURE_814DCC3DC72143F49509781513CB9855_AutoDXT_16A317334847B7C7B03BC187D7105__8DBD496412C8D0E4CA849531EFB72D638F9CF99B, StartTime=2016.07.08-14.22.36, HierarchicalDDC=, DataSize=65799, Duration=2.472598, RunGuid=RunID6A38CD7E46A4268F60B7E287FBA979FD
DDCTransactionId0CD0B7B5484398BCDCEF7DAEF7C70828_3, PutCachedData=, CacheKey=TEXTURE_814DCC3DC72143F49509781513CB9855_AutoDXT_16A317334847B7C7B03BC187D7105__023EEF70C62A64787AFECA59500473465BBC9006, StartTime=2016.07.08-14.22.36, HierarchicalDDC=, DataSize=16647, Duration=1.679562, RunGuid=RunID6A38CD7E46A4268F60B7E287FBA979FD
DDCTransactionId3D268C204563D19665CFA69340419372_3, PutCachedData=, CacheKey=TEXTURE_814DCC3DC72143F49509781513CB9855_AutoDXT_16A317334847B7C7B03BC187D7105__668082BB9C10B4ADEF2B11D1ACAE72B0538DB6D4, StartTime=2016.07.08-14.22.36, HierarchicalDDC=, DataSize=7196, Duration=1.670595, RunGuid=RunID6A38CD7E46A4268F60B7E287FBA979FD
DDCTransactionIdDBEC4C4E4EA5463164667CB712EE89EB_2, BuildTexture=, CacheKey=TEXTURE_814DCC3DC72143F49509781513CB9855_AutoDXT_7AE579164704BE34FDB17B86C7A4B022_07_0000803F0000803F0000803F000000000000803F00000000000000000000803F0000000000000000020000000E000000000000000101000000040000803FFFFFFFFF00000000FF00FF00FFFF8180803B, StartTime=2016.07.08-14.22.36, Duration=18.990044, RunGuid=RunID6A38CD7E46A4268F60B7E287FBA979FD
DDCTransactionIdC59F303D4982DFCDB46D288458C4AB90_2, PutCachedData=, CacheKey=TEXTURE_814DCC3DC72143F49509781513CB9855_AutoDXT_7AE579164704BE34FDB17B86C7A4B__FA1EDA667C22C731ACBACBE44BF6690827A6068D, StartTime=2016.07.08-14.22.36, HierarchicalDDC=, DataSize=262407, Duration=2.456970, RunGuid=RunID6A38CD7E46A4268F60B7E287FBA979FD
DDCTransactionId0CD0B7B5484398BCDCEF7DAEF7C70828_4, PutCachedData=, CacheKey=TEXTURE_814DCC3DC72143F49509781513CB9855_AutoDXT_7AE579164704BE34FDB17B86C7A4B__3BEE65FDB0375A3A9232764D2D60FBADD9FE828B, StartTime=2016.07.08-14.22.36, HierarchicalDDC=, DataSize=65799, Duration=2.259739, RunGuid=RunID6A38CD7E46A4268F60B7E287FBA979FD
DDCTransactionId3D268C204563D19665CFA69340419372_4, PutCachedData=, CacheKey=TEXTURE_814DCC3DC72143F49509781513CB9855_AutoDXT_7AE579164704BE34FDB17B86C7A4B__4A4E9CC9B1D97372A6122E5708591D8A3D214905, StartTime=2016.07.08-14.22.36, HierarchicalDDC=, DataSize=16647, Duration=2.221827, RunGuid=RunID6A38CD7E46A4268F60B7E287FBA979FD
DDCTransactionId0CD0B7B5484398BCDCEF7DAEF7C70828_5, PutCachedData=, CacheKey=TEXTURE_814DCC3DC72143F49509781513CB9855_AutoDXT_7AE579164704BE34FDB17B86C7A4B__D9C346B728449BEB1F867F22715A22628BD5B319, StartTime=2016.07.08-14.22.36, HierarchicalDDC=, DataSize=6899, Duration=1.357585, RunGuid=RunID6A38CD7E46A4268F60B7E287FBA979FD
DDCTransactionIdDBEC4C4E4EA5463164667CB712EE89EB_3, BuildTexture=, CacheKey=TEXTURE_814DCC3DC72143F49509781513CB9855_AutoDXT_9C3C2F53469AC5DDB6E75B8DE1CCE0D0_07_0000803F0000803F0000803F000000000000803F00000000000000000000803F0000000000000000020000000E000000000000000101000000040000803FFFFFFFFF00000000FF00FF00FFFF8180803B, StartTime=2016.07.08-14.22.36, Duration=18.246189, RunGuid=RunID6A38CD7E46A4268F60B7E287FBA979FD
DDCTransactionId3D268C204563D19665CFA69340419372_5, PutCachedData=, CacheKey=TEXTURE_814DCC3DC72143F49509781513CB9855_AutoDXT_9C3C2F53469AC5DDB6E75B8DE1CCE__7C37B825E2163470F90F151D5971AD12A7A0024D, StartTime=2016.07.08-14.22.36, HierarchicalDDC=, DataSize=262407, Duration=2.230026, RunGuid=RunID6A38CD7E46A4268F60B7E287FBA979FD
DDCTransactionIdC59F303D4982DFCDB46D288458C4AB90_3, PutCachedData=, CacheKey=TEXTURE_814DCC3DC72143F49509781513CB9855_AutoDXT_9C3C2F53469AC5DDB6E75B8DE1CCE__25CDB9FEA665E07CAF5666BEC232495EED6B754C, StartTime=2016.07.08-14.22.36, HierarchicalDDC=, DataSize=65799, Duration=2.259482, RunGuid=RunID6A38CD7E46A4268F60B7E287FBA979FD
DDCTransactionId0CD0B7B5484398BCDCEF7DAEF7C70828_6, PutCachedData=, CacheKey=TEXTURE_814DCC3DC72143F49509781513CB9855_AutoDXT_9C3C2F53469AC5DDB6E75B8DE1CCE__B662C4A874034C1AB2104627ED175B3CE6DDFC15, StartTime=2016.07.08-14.22.36, HierarchicalDDC=, DataSize=16647, Duration=2.312507, RunGuid=RunID6A38CD7E46A4268F60B7E287FBA979FD
DDCTransactionIdDBEC4C4E4EA5463164667CB712EE89EB_4, BuildTexture=, CacheKey=TEXTURE_814DCC3DC72143F49509781513CB9855_AutoDXT_E4D19E7948AE9BC67305C19762D632A4_07_0000803F0000803F0000803F000000000000803F00000000000000000000803F0000000000000000020000000E000000000000000101000000040000803FFFFFFFFF00000000FF00FF00FFFF8180803B, StartTime=2016.07.08-14.22.36, Duration=0.473361, RunGuid=RunID6A38CD7E46A4268F60B7E287FBA979FD
DDCTransactionId3D268C204563D19665CFA69340419372_6, PutCachedData=, CacheKey=TEXTURE_814DCC3DC72143F49509781513CB9855_AutoDXT_9C3C2F53469AC5DDB6E75B8DE1CCE__2888E9705FCFDD9622245813BB36C7E81A4575E1, StartTime=2016.07.08-14.22.36, HierarchicalDDC=, DataSize=6899, Duration=1.937248, RunGuid=RunID6A38CD7E46A4268F60B7E287FBA979FD
DDCTransactionIdC59F303D4982DFCDB46D288458C4AB90_4, PutCachedData=, CacheKey=TEXTURE_814DCC3DC72143F49509781513CB9855_AutoDXT_E4D19E7948AE9BC67305C19762D63__EE1D8F8A388DA3F67FBA0A262F841D94EA8FC61E, StartTime=2016.07.08-14.22.36, HierarchicalDDC=, DataSize=6014, Duration=1.946725, RunGuid=RunID6A38CD7E46A4268F60B7E287FBA979FD
DDCTransactionIdDBEC4C4E4EA5463164667CB712EE89EB_5, BuildTexture=, CacheKey=TEXTURE_814DCC3DC72143F49509781513CB9855_DXT1_66AA220F49DB9085046B69A787A34E55_07_0000803F0000803F0000803F000000000000803F00000000000000000000803F0000000000000000020000000E000000000000000101000000040000803FFFFFFFFF00000000FF00FF00FFFF8180803B, StartTime=2016.07.08-14.22.36, Duration=59.982433, RunGuid=RunID6A38CD7E46A4268F60B7E287FBA979FD
DDCTransactionId0CD0B7B5484398BCDCEF7DAEF7C70828_7, PutCachedData=, CacheKey=TEXTURE_814DCC3DC72143F49509781513CB9855_DXT1_66AA220F49DB9085046B69A787A34E55__C151D7557EA23BC243BA13731EB671AF5F101161, StartTime=2016.07.08-14.22.36, HierarchicalDDC=, DataSize=524550, Duration=2.578642, RunGuid=RunID6A38CD7E46A4268F60B7E287FBA979FD
DDCTransactionIdC59F303D4982DFCDB46D288458C4AB90_5, PutCachedData=, CacheKey=TEXTURE_814DCC3DC72143F49509781513CB9855_DXT1_66AA220F49DB9085046B69A787A34E55__27C078FE48487E590032780430A092ACF38BF777, StartTime=2016.07.08-14.22.36, HierarchicalDDC=, DataSize=131332, Duration=2.303794, RunGuid=RunID6A38CD7E46A4268F60B7E287FBA979FD
DDCTransactionId3D268C204563D19665CFA69340419372_7, PutCachedData=, CacheKey=TEXTURE_814DCC3DC72143F49509781513CB9855_DXT1_66AA220F49DB9085046B69A787A34E55__3C2A710E67B6A3FFA618EC13871F39CE4BFD000C, StartTime=2016.07.08-14.22.36, HierarchicalDDC=, DataSize=33028, Duration=2.360150, RunGuid=RunID6A38CD7E46A4268F60B7E287FBA979FD
DDCTransactionIdC59F303D4982DFCDB46D288458C4AB90_6, PutCachedData=, CacheKey=TEXTURE_814DCC3DC72143F49509781513CB9855_DXT1_66AA220F49DB9085046B69A787A34E55__25A37B5ABB9EA29CA8986CFB62036FBCFC639346, StartTime=2016.07.08-14.22.36, HierarchicalDDC=, DataSize=8452, Duration=1.902666, RunGuid=RunID6A38CD7E46A4268F60B7E287FBA979FD
DDCTransactionId3D268C204563D19665CFA69340419372_8, PutCachedData=, CacheKey=TEXTURE_814DCC3DC72143F49509781513CB9855_DXT1_66AA220F49DB9085046B69A787A34E55__AE8A3B4B3E796BFA1FA8FD4214372B5075081C92, StartTime=2016.07.08-14.22.36, HierarchicalDDC=, DataSize=4437, Duration=1.620132, RunGuid=RunID6A38CD7E46A4268F60B7E287FBA979FD
DDCTransactionIdDBEC4C4E4EA5463164667CB712EE89EB_6, BuildTexture=, CacheKey=TEXTURE_814DCC3DC72143F49509781513CB9855_DXT1_597344FC44D79769F845E281B289E135_07_0000803F0000803F0000803F000000000000803F00000000000000000000803F0000000000000000020000000E000000000000000101000000040000803FFFFFFFFF00000000FF00FF00FFFF8180803B, StartTime=2016.07.08-14.22.36, Duration=43.863041, RunGuid=RunID6A38CD7E46A4268F60B7E287FBA979FD
DDCTransactionId0CD0B7B5484398BCDCEF7DAEF7C70828_8, PutCachedData=, CacheKey=TEXTURE_814DCC3DC72143F49509781513CB9855_DXT1_597344FC44D79769F845E281B289E135__AF14AC392BDAA9FEF99ACC6B018B370EB5D808A0, StartTime=2016.07.08-14.22.36, HierarchicalDDC=, DataSize=524550, Duration=2.839912, RunGuid=RunID6A38CD7E46A4268F60B7E287FBA979FD
DDCTransactionId3D268C204563D19665CFA69340419372_9, PutCachedData=, CacheKey=TEXTURE_814DCC3DC72143F49509781513CB9855_DXT1_597344FC44D79769F845E281B289E135__CFE321F2C65EA324A8CA370DEE33CCA2D0F45F85, StartTime=2016.07.08-14.22.36, HierarchicalDDC=, DataSize=131332, Duration=2.589658, RunGuid=RunID6A38CD7E46A4268F60B7E287FBA979FD
DDCTransactionIdC59F303D4982DFCDB46D288458C4AB90_7, PutCachedData=, CacheKey=TEXTURE_814DCC3DC72143F49509781513CB9855_DXT1_597344FC44D79769F845E281B289E135__F03B0C4B344783646E4B7E371655050F12E533D9, StartTime=2016.07.08-14.22.36, HierarchicalDDC=, DataSize=33028, Duration=2.470035, RunGuid=RunID6A38CD7E46A4268F60B7E287FBA979FD
DDCTransactionIdC59F303D4982DFCDB46D288458C4AB90_8, PutCachedData=, CacheKey=TEXTURE_814DCC3DC72143F49509781513CB9855_DXT1_597344FC44D79769F845E281B289E135__520110756D4B48377EB15ABF88A437DAFD377390, StartTime=2016.07.08-14.22.36, HierarchicalDDC=, DataSize=8452, Duration=2.296370, RunGuid=RunID6A38CD7E46A4268F60B7E287FBA979FD
DDCTransactionId3D268C204563D19665CFA69340419372_10, PutCachedData=, CacheKey=TEXTURE_814DCC3DC72143F49509781513CB9855_DXT1_597344FC44D79769F845E281B289E135__C9E98CB1E58AEBE6250269C1F5E1D716F5E679B5, StartTime=2016.07.08-14.22.36, HierarchicalDDC=, DataSize=4437, Duration=1.820445, RunGuid=RunID6A38CD7E46A4268F60B7E287FBA979FD
DDCTransactionIdDBEC4C4E4EA5463164667CB712EE89EB_7, BuildTexture=, CacheKey=TEXTURE_814DCC3DC72143F49509781513CB9855_DXT1_C40B28CE458B56FE60A921BA5B88646E_07_0000803F0000803F0000803F000000000000803F00000000000000000000803F0000000000000000020000000E000000000000000101000000040000803FFFFFFFFF00000000FF00FF00FFFF8180803B, StartTime=2016.07.08-14.22.36, Duration=12.081988, RunGuid=RunID6A38CD7E46A4268F60B7E287FBA979FD
DDCTransactionId0CD0B7B5484398BCDCEF7DAEF7C70828_9, PutCachedData=, CacheKey=TEXTURE_814DCC3DC72143F49509781513CB9855_DXT1_C40B28CE458B56FE60A921BA5B88646E__56BDA0D33FAA6962A6144FE9863A64436484EB3E, StartTime=2016.07.08-14.22.36, HierarchicalDDC=, DataSize=131332, Duration=2.496418, RunGuid=RunID6A38CD7E46A4268F60B7E287FBA979FD
DDCTransactionId3D268C204563D19665CFA69340419372_11, PutCachedData=, CacheKey=TEXTURE_814DCC3DC72143F49509781513CB9855_DXT1_C40B28CE458B56FE60A921BA5B88646E__A63A3D442D47629EFD22330080496F3D83716BF5, StartTime=2016.07.08-14.22.36, HierarchicalDDC=, DataSize=33028, Duration=2.099901, RunGuid=RunID6A38CD7E46A4268F60B7E287FBA979FD
DDCTransactionIdC59F303D4982DFCDB46D288458C4AB90_9, PutCachedData=, CacheKey=TEXTURE_814DCC3DC72143F49509781513CB9855_DXT1_C40B28CE458B56FE60A921BA5B88646E__45591E3979833F5D56E3DFA3F516A50E9893C0DE, StartTime=2016.07.08-14.22.36, HierarchicalDDC=, DataSize=8452, Duration=2.372187, RunGuid=RunID6A38CD7E46A4268F60B7E287FBA979FD
DDCTransactionId3D268C204563D19665CFA69340419372_12, PutCachedData=, CacheKey=TEXTURE_814DCC3DC72143F49509781513CB9855_DXT1_C40B28CE458B56FE60A921BA5B88646E__A36B09ED78DFC9F45644F8DC73841CF0C0C26467, StartTime=2016.07.08-14.22.36, HierarchicalDDC=, DataSize=4143, Duration=2.113476, RunGuid=RunID6A38CD7E46A4268F60B7E287FBA979FD
DDCTransactionIdDBEC4C4E4EA5463164667CB712EE89EB_8, BuildTexture=, CacheKey=TEXTURE_814DCC3DC72143F49509781513CB9855_DXT1_12FC07B74E65B2819AAD43AB19BB60CC_07_0000803F0000803F0000803F000000000000803F00000000000000000000803F0000000000000000020000000E000000000000000101000000040000803FFFFFFFFF00000000FF00FF00FFFF8180803B, StartTime=2016.07.08-14.22.36, Duration=10.995410, RunGuid=RunID6A38CD7E46A4268F60B7E287FBA979FD
DDCTransactionIdC59F303D4982DFCDB46D288458C4AB90_10, PutCachedData=, CacheKey=TEXTURE_814DCC3DC72143F49509781513CB9855_DXT1_12FC07B74E65B2819AAD43AB19BB60CC__25A89F6F7040F76E520A07015737C7354DD42918, StartTime=2016.07.08-14.22.36, HierarchicalDDC=, DataSize=131332, Duration=2.508968, RunGuid=RunID6A38CD7E46A4268F60B7E287FBA979FD
DDCTransactionId0CD0B7B5484398BCDCEF7DAEF7C70828_10, PutCachedData=, CacheKey=TEXTURE_814DCC3DC72143F49509781513CB9855_DXT1_12FC07B74E65B2819AAD43AB19BB60CC__235A9305464E2E77E95D819878C1D6B84D58ACD8, StartTime=2016.07.08-14.22.36, HierarchicalDDC=, DataSize=33028, Duration=2.348620, RunGuid=RunID6A38CD7E46A4268F60B7E287FBA979FD
DDCTransactionId3D268C204563D19665CFA69340419372_13, PutCachedData=, CacheKey=TEXTURE_814DCC3DC72143F49509781513CB9855_DXT1_12FC07B74E65B2819AAD43AB19BB60CC__B90E21BA5BEB4807B91A97FFB8EDCBE6B2FD6196, StartTime=2016.07.08-14.22.36, HierarchicalDDC=, DataSize=8452, Duration=2.304051, RunGuid=RunID6A38CD7E46A4268F60B7E287FBA979FD
DDCTransactionIdDBEC4C4E4EA5463164667CB712EE89EB_9, BuildTexture=, CacheKey=TEXTURE_814DCC3DC72143F49509781513CB9855_DXT1_C14052FA4C333041CDF34B8B8F3451E9_07_0000803F0000803F0000803F000000000000803F00000000000000000000803F0000000000000000020000000E000000000000000101000000040000803FFFFFFFFF00000000FF00FF00FFFF8180803B, StartTime=2016.07.08-14.22.36, Duration=3.878336, RunGuid=RunID6A38CD7E46A4268F60B7E287FBA979FD
DDCTransactionId3D268C204563D19665CFA69340419372_14, PutCachedData=, CacheKey=TEXTURE_814DCC3DC72143F49509781513CB9855_DXT1_12FC07B74E65B2819AAD43AB19BB60CC__44AA62AD99FBEF1BBC79E92D4871B71AABFEF671, StartTime=2016.07.08-14.22.36, HierarchicalDDC=, DataSize=4143, Duration=1.975160, RunGuid=RunID6A38CD7E46A4268F60B7E287FBA979FD
DDCTransactionId0CD0B7B5484398BCDCEF7DAEF7C70828_11, PutCachedData=, CacheKey=TEXTURE_814DCC3DC72143F49509781513CB9855_DXT1_C14052FA4C333041CDF34B8B8F3451E9__CC53B0A07525180F4F96C9DEF2E4F09E29601FDE, StartTime=2016.07.08-14.22.36, HierarchicalDDC=, DataSize=3267, Duration=1.865529, RunGuid=RunID6A38CD7E46A4268F60B7E287FBA979FD
DDCTransactionIdDBEC4C4E4EA5463164667CB712EE89EB_10, BuildTexture=, CacheKey=TEXTURE_814DCC3DC72143F49509781513CB9855_AutoDXT_0749B11545CC1F751FD7B8924A30F937_07_0000803F0000803F0000803F000000000000803F00000000000000000000803F0000000000000000020000000E000000000000000101000000040000803FFFFFFFFF00000000FF00FF00FFFF8180803B, StartTime=2016.07.08-14.22.36, Duration=76.489632, RunGuid=RunID6A38CD7E46A4268F60B7E287FBA979FD
DDCTransactionIdC59F303D4982DFCDB46D288458C4AB90_11, PutCachedData=, CacheKey=TEXTURE_814DCC3DC72143F49509781513CB9855_AutoDXT_0749B11545CC1F751FD7B8924A30F__DBFA32B960C8AC759D95E08F302756FEB2620B8E, StartTime=2016.07.08-14.22.36, HierarchicalDDC=, DataSize=524552, Duration=2.580691, RunGuid=RunID6A38CD7E46A4268F60B7E287FBA979FD
DDCTransactionId3D268C204563D19665CFA69340419372_15, PutCachedData=, CacheKey=TEXTURE_814DCC3DC72143F49509781513CB9855_AutoDXT_0749B11545CC1F751FD7B8924A30F__66CC7F42D0F3BC34AFBD91FE7BAA7CC7F24AB2E7, StartTime=2016.07.08-14.22.36, HierarchicalDDC=, DataSize=131335, Duration=2.513327, RunGuid=RunID6A38CD7E46A4268F60B7E287FBA979FD
DDCTransactionId0CD0B7B5484398BCDCEF7DAEF7C70828_12, PutCachedData=, CacheKey=TEXTURE_814DCC3DC72143F49509781513CB9855_AutoDXT_0749B11545CC1F751FD7B8924A30F__5FAB8408101F094110311E279097119D67E10334, StartTime=2016.07.08-14.22.36, HierarchicalDDC=, DataSize=33031, Duration=2.494883, RunGuid=RunID6A38CD7E46A4268F60B7E287FBA979FD
DDCTransactionIdC59F303D4982DFCDB46D288458C4AB90_12, PutCachedData=, CacheKey=TEXTURE_814DCC3DC72143F49509781513CB9855_AutoDXT_0749B11545CC1F751FD7B8924A30F__F8F4CF0A74BD7C5606C74EA8F0EC4CAC691BF11A, StartTime=2016.07.08-14.22.36, HierarchicalDDC=, DataSize=8454, Duration=1.940321, RunGuid=RunID6A38CD7E46A4268F60B7E287FBA979FD
DDCTransactionId3D268C204563D19665CFA69340419372_16, PutCachedData=, CacheKey=TEXTURE_814DCC3DC72143F49509781513CB9855_AutoDXT_0749B11545CC1F751FD7B8924A30F__4688619069A77C9E38C7E628D828A33131BFB0E6, StartTime=2016.07.08-14.22.36, HierarchicalDDC=, DataSize=4474, Duration=1.673929, RunGuid=RunID6A38CD7E46A4268F60B7E287FBA979FD
DDCTransactionIdDBEC4C4E4EA5463164667CB712EE89EB_11, BuildTexture=, CacheKey=TEXTURE_814DCC3DC72143F49509781513CB9855_AutoDXT_1B4DA0D540A3B6D2D6B2B1A5440C50B0_07_0000803F0000803F0000803F000000000000803F00000000000000000000803F0000000000000000020000000E000000000000000101000000040000803FFFFFFFFF00000000FF00FF00FFFF8180803B, StartTime=2016.07.08-14.22.36, Duration=44.639168, RunGuid=RunID6A38CD7E46A4268F60B7E287FBA979FD
DDCTransactionId0CD0B7B5484398BCDCEF7DAEF7C70828_13, PutCachedData=, CacheKey=TEXTURE_814DCC3DC72143F49509781513CB9855_AutoDXT_1B4DA0D540A3B6D2D6B2B1A5440C5__FDE160E9BA93EF294ADB9F5AB63ACEC19D852806, StartTime=2016.07.08-14.22.36, HierarchicalDDC=, DataSize=524552, Duration=3.115013, RunGuid=RunID6A38CD7E46A4268F60B7E287FBA979FD
DDCTransactionId3D268C204563D19665CFA69340419372_17, PutCachedData=, CacheKey=TEXTURE_814DCC3DC72143F49509781513CB9855_AutoDXT_1B4DA0D540A3B6D2D6B2B1A5440C5__0EA8B89D83E9B9E9BA452FE26EF50A642B0FD2E8, StartTime=2016.07.08-14.22.36, HierarchicalDDC=, DataSize=131335, Duration=2.935968, RunGuid=RunID6A38CD7E46A4268F60B7E287FBA979FD
DDCTransactionIdC59F303D4982DFCDB46D288458C4AB90_13, PutCachedData=, CacheKey=TEXTURE_814DCC3DC72143F49509781513CB9855_AutoDXT_1B4DA0D540A3B6D2D6B2B1A5440C5__497BBEA58418E2BB76BAE7CABED70AB780FE2852, StartTime=2016.07.08-14.22.36, HierarchicalDDC=, DataSize=33031, Duration=8.994638, RunGuid=RunID6A38CD7E46A4268F60B7E287FBA979FD
DDCTransactionIdDBEC4C4E4EA5463164667CB712EE89EB_12, BuildTexture=, CacheKey=TEXTURE_814DCC3DC72143F49509781513CB9855_AutoDXT_3A784D85456CB436B4DB55B38B287DEC_07_0000803F0000803F0000803F000000000000803F00000000000000000000803F0000000000000000020000000E000000000000000101000000040000803FFFFFFFFF00000000FF00FF00FFFF8180803B, StartTime=2016.07.08-14.22.36, Duration=13.169847, RunGuid=RunID6A38CD7E46A4268F60B7E287FBA979FD
DDCTransactionId3D268C204563D19665CFA69340419372_18, PutCachedData=, CacheKey=TEXTURE_814DCC3DC72143F49509781513CB9855_AutoDXT_1B4DA0D540A3B6D2D6B2B1A5440C5__643341734084F6877EE465098C7A1208311ECB56, StartTime=2016.07.08-14.22.36, HierarchicalDDC=, DataSize=8454, Duration=4.614506, RunGuid=RunID6A38CD7E46A4268F60B7E287FBA979FD
DDCTransactionId0CD0B7B5484398BCDCEF7DAEF7C70828_14, PutCachedData=, CacheKey=TEXTURE_814DCC3DC72143F49509781513CB9855_AutoDXT_1B4DA0D540A3B6D2D6B2B1A5440C5__54E8D4F324EAEE68785D601CCA2B6BFA23DAC3ED, StartTime=2016.07.08-14.22.36, HierarchicalDDC=, DataSize=4474, Duration=4.006412, RunGuid=RunID6A38CD7E46A4268F60B7E287FBA979FD
DDCTransactionId0CD0B7B5484398BCDCEF7DAEF7C70828_15, PutCachedData=, CacheKey=TEXTURE_814DCC3DC72143F49509781513CB9855_AutoDXT_3A784D85456CB436B4DB55B38B287__320A73CFAF82B63899C3EC61DF067BCEC8A28AB5, StartTime=2016.07.08-14.22.36, HierarchicalDDC=, DataSize=131335, Duration=2.513066, RunGuid=RunID6A38CD7E46A4268F60B7E287FBA979FD
DDCTransactionId3D268C204563D19665CFA69340419372_19, PutCachedData=, CacheKey=TEXTURE_814DCC3DC72143F49509781513CB9855_AutoDXT_3A784D85456CB436B4DB55B38B287__AA10D5C85B73F70BF5879A23F40F193825BF82AA, StartTime=2016.07.08-14.22.36, HierarchicalDDC=, DataSize=33031, Duration=2.103999, RunGuid=RunID6A38CD7E46A4268F60B7E287FBA979FD
DDCTransactionIdC59F303D4982DFCDB46D288458C4AB90_14, PutCachedData=, CacheKey=TEXTURE_814DCC3DC72143F49509781513CB9855_AutoDXT_3A784D85456CB436B4DB55B38B287__180FD65D4DF65C884D2D27F211D129BE6858B1C4, StartTime=2016.07.08-14.22.36, HierarchicalDDC=, DataSize=8454, Duration=2.298162, RunGuid=RunID6A38CD7E46A4268F60B7E287FBA979FD
DDCTransactionIdDBEC4C4E4EA5463164667CB712EE89EB_13, BuildTexture=, CacheKey=TEXTURE_814DCC3DC72143F49509781513CB9855_AutoDXT_6A31F0FD48925E0B9FB019A8D3CCFBF8_07_0000803F0000803F0000803F000000000000803F00000000000000000000803F0000000000000000020000000E000000000000000101000000040000803FFFFFFFFF00000000FF00FF00FFFF8180803B, StartTime=2016.07.08-14.22.36, Duration=13.399612, RunGuid=RunID6A38CD7E46A4268F60B7E287FBA979FD
DDCTransactionId3D268C204563D19665CFA69340419372_20, PutCachedData=, CacheKey=TEXTURE_814DCC3DC72143F49509781513CB9855_AutoDXT_3A784D85456CB436B4DB55B38B287__BE4B0B341613ADBADDCE1BE6BB3A1BE693176C00, StartTime=2016.07.08-14.22.36, HierarchicalDDC=, DataSize=4178, Duration=1.790475, RunGuid=RunID6A38CD7E46A4268F60B7E287FBA979FD
DDCTransactionIdC59F303D4982DFCDB46D288458C4AB90_15, PutCachedData=, CacheKey=TEXTURE_814DCC3DC72143F49509781513CB9855_AutoDXT_6A31F0FD48925E0B9FB019A8D3CCF__706593310DC51F7A816C0F78E911AD8D53E4C6B6, StartTime=2016.07.08-14.22.36, HierarchicalDDC=, DataSize=131335, Duration=2.732843, RunGuid=RunID6A38CD7E46A4268F60B7E287FBA979FD
DDCTransactionId0CD0B7B5484398BCDCEF7DAEF7C70828_16, PutCachedData=, CacheKey=TEXTURE_814DCC3DC72143F49509781513CB9855_AutoDXT_6A31F0FD48925E0B9FB019A8D3CCF__CCAC4A09F74D98DC92951DFBE3A6855C6EAA7B5C, StartTime=2016.07.08-14.22.36, HierarchicalDDC=, DataSize=33031, Duration=2.691090, RunGuid=RunID6A38CD7E46A4268F60B7E287FBA979FD
DDCTransactionId3D268C204563D19665CFA69340419372_21, PutCachedData=, CacheKey=TEXTURE_814DCC3DC72143F49509781513CB9855_AutoDXT_6A31F0FD48925E0B9FB019A8D3CCF__28701DE7C0F79857C55BA1263446AD99239CD45B, StartTime=2016.07.08-14.22.36, HierarchicalDDC=, DataSize=8454, Duration=2.571214, RunGuid=RunID6A38CD7E46A4268F60B7E287FBA979FD
DDCTransactionIdDBEC4C4E4EA5463164667CB712EE89EB_14, BuildTexture=, CacheKey=TEXTURE_814DCC3DC72143F49509781513CB9855_AutoDXT_104E96A44B7BE15657B040A1B36E0EE7_07_0000803F0000803F0000803F000000000000803F00000000000000000000803F0000000000000000020000000E000000000000000101000000040000803FFFFFFFFF00000000FF00FF00FFFF8180803B, StartTime=2016.07.08-14.22.36, Duration=1.816087, RunGuid=RunID6A38CD7E46A4268F60B7E287FBA979FD
DDCTransactionId3D268C204563D19665CFA69340419372_22, PutCachedData=, CacheKey=TEXTURE_814DCC3DC72143F49509781513CB9855_AutoDXT_6A31F0FD48925E0B9FB019A8D3CCF__25B4EE0FDBD67FD2D86FBA1B872AB46B879C3C9E, StartTime=2016.07.08-14.22.36, HierarchicalDDC=, DataSize=4178, Duration=1.422901, RunGuid=RunID6A38CD7E46A4268F60B7E287FBA979FD
DDCTransactionIdC59F303D4982DFCDB46D288458C4AB90_16, PutCachedData=, CacheKey=TEXTURE_814DCC3DC72143F49509781513CB9855_AutoDXT_104E96A44B7BE15657B040A1B36E0__4089859D5CB729953A3B8A0580218E390EDF7C45, StartTime=2016.07.08-14.22.36, HierarchicalDDC=, DataSize=1910, Duration=1.827106, RunGuid=RunID6A38CD7E46A4268F60B7E287FBA979FD
SavePackageTransactionIdE99199E04761487CE520C5B9F5B78C63_0, Filename=E:/Unreal Projects 2/Expendable/Content/ThirdPersonBP/Blueprints/ThirdPersonCharacter.uasset, AutoPackageBackupDelegate=1.522034, FlushAsyncLoading=0.004098, FlushStreamingFunc=0.034835, BlockTillAllRequestsFinished=0.002816, ResetLoadersForSaveUnMarkAllObjects=0.064805, TagPackageExports=6.626036, BeginCacheForCookedPlatformData=0.004865, SerializeImports=6.635260, GatherLocalizableTextData=6.618608, MarkNames=0.058401, SerializeSummary=0.015881, SerializeNames=0.223104, SerializeGatherableTextData=0.058658, BuildExportMap=0.207480, SortExportsNonSeekfree=1.532789, SortExportsSeekfreeConstructor=0.050720, SortExportsSeekfreeInner=10.983113, SortExportsSeekfree=0.005122, BuildDependencyMap=0.065830, SerializeImportMap=0.013579, SerializeExportMap=0.042263, SerializeDependencyMap=0.009730, SerializeStringAssetReferenceMap=0.001539, SaveThumbNailsAssetRegistryDataWorldLevelInfo=7.581212, SerializeExports=9.115282, SerializeBulkData=0.015881, MoveFile=0.699796, UnaccountedTime=0.499487, RunGuid=RunID6A38CD7E46A4268F60B7E287FBA979FD
SavePackageTransactionIdE99199E04761487CE520C5B9F5B78C63_1, Filename=E:/Unreal Projects 2/Expendable/Content/ThirdPersonBP/Blueprints/ThirdPersonCharacter.uasset, AutoPackageBackupDelegate=0.248976, FlushAsyncLoading=0.002306, FlushStreamingFunc=0.035603, BlockTillAllRequestsFinished=0.012554, ResetLoadersForSaveUnMarkAllObjects=0.063267, TagPackageExports=5.820706, BeginCacheForCookedPlatformData=0.002820, SerializeImports=6.434951, GatherLocalizableTextData=6.303031, MarkNames=0.054818, SerializeSummary=0.012040, SerializeNames=0.232324, SerializeGatherableTextData=0.076078, BuildExportMap=0.153430, SortExportsNonSeekfree=2.437506, SortExportsSeekfreeConstructor=0.074025, SortExportsSeekfreeInner=12.274869, SortExportsSeekfree=0.005122, BuildDependencyMap=0.082992, SerializeImportMap=0.018697, SerializeExportMap=0.060964, SerializeDependencyMap=0.011526, SerializeStringAssetReferenceMap=0.001535, SaveThumbNailsAssetRegistryDataWorldLevelInfo=7.140897, SerializeExports=12.125019, SerializeBulkData=0.018701, MoveFile=0.961579, UnaccountedTime=0.492830, RunGuid=RunID6A38CD7E46A4268F60B7E287FBA979FD
SavePackageTransactionIdE99199E04761487CE520C5B9F5B78C63_2, Filename=E:/Unreal Projects 2/Expendable/Content/Maps/TestLevel.umap, AutoPackageBackupDelegate=0.174437, FlushAsyncLoading=0.002563, FlushStreamingFunc=0.116546, BlockTillAllRequestsFinished=0.003844, ResetLoadersForSaveUnMarkAllObjects=44.235222, TagPackageExports=0.917263, BeginCacheForCookedPlatformData=0.002049, SerializeImports=1.380641, GatherLocalizableTextData=12.235422, MarkNames=0.176739, SerializeSummary=0.022031, SerializeNames=0.543289, SerializeGatherableTextData=0.033300, BuildExportMap=0.475667, SortExportsNonSeekfree=0.658553, SortExportsSeekfreeConstructor=0.068650, SortExportsSeekfreeInner=14.655766, SortExportsSeekfree=0.004865, BuildDependencyMap=0.124231, SerializeImportMap=0.044059, SerializeExportMap=0.030480, SerializeDependencyMap=0.013575, SerializeStringAssetReferenceMap=0.002306, SaveThumbNailsAssetRegistryDataWorldLevelInfo=1.150362, SerializeExports=4.411638, SerializeBulkData=134.335541, MoveFile=0.597592, UnaccountedTime=0.526384, RunGuid=RunID6A38CD7E46A4268F60B7E287FBA979FD
DDCTransactionId7BAC161243A076DF48633ABD403B635F_0, BuildTexture=, CacheKey=TEXTURE_814DCC3DC72143F49509781513CB9855_AutoDXT_1263410B47981AB82426DABEAEA7275A_07_0000803F0000803F0000803F000000000000803F00000000000000000000803F0000000000000000020000000E000000000000000101000000040000803FFFFFFFFF00000000FF00FF00FFFF8180803B, StartTime=2016.07.08-14.30.04, Duration=788.878723, RunGuid=RunID6A38CD7E46A4268F60B7E287FBA979FD
DDCTransactionIdCC4252654BE624E596747296F0C5BD0B_0, BuildTexture=, CacheKey=TEXTURE_814DCC3DC72143F49509781513CB9855_DXT1_186D77C04D961C81DDFC628D4F9DB0BC_07_0000803F0000803F0000803F000000000000803F00000000000000000000803F0000000000000000020000000E000000000000000101000000040000803FFFFFFFFF00000000FF00FF00FFFF8180803B, StartTime=2016.07.08-14.30.04, Duration=298.397552, RunGuid=RunID6A38CD7E46A4268F60B7E287FBA979FD
DDCTransactionId251E2795443E9D4F3ABC8D962B718DDB_0, BuildTexture=, CacheKey=TEXTURE_814DCC3DC72143F49509781513CB9855_AutoDXT_1F30C1DB4C5E5EAA62EA888C21C979EA_07_0000803F0000803F0000803F000000000000803F00000000000000000000803F0000000000000000020000000E000000000000000101000000040000803FFFFFFFFF00000000FF00FF00FFFF8180803B, StartTime=2016.07.08-14.30.04, Duration=338.374329, RunGuid=RunID6A38CD7E46A4268F60B7E287FBA979FD
DDCTransactionIdCAD9F4BD4FF053462AE498B1D27B3258_0, BuildTexture=, CacheKey=TEXTURE_814DCC3DC72143F49509781513CB9855_AutoDXT_96A899A849795D0E0D3AB7867321CEF6_07_0000803F0000803F0000803F000000000000803F00000000000000000000803F0000000000000000020000000E000000000000000101000000040000803FFFFFFFFF00000000FF00FF00FFFF8180803B, StartTime=2016.07.08-14.30.04, Duration=470.180389, RunGuid=RunID6A38CD7E46A4268F60B7E287FBA979FD
DDCTransactionId4D1D2FAA4919E61ED77AAABD11CF3434_0, BuildTexture=, CacheKey=TEXTURE_814DCC3DC72143F49509781513CB9855_AutoDXT_024EBAB447C3CDA81AFD779F9C7066C7_07_0000803F0000803F0000803F000000000000803F00000000000000000000803F0000000000000000020000000E000000000000000101000000040000803FFFFFFFFF00000000FF00FF00FFFF8180803B, StartTime=2016.07.08-14.30.04, Duration=631.137390, RunGuid=RunID6A38CD7E46A4268F60B7E287FBA979FD
DDCTransactionIdE47FF6D440CDB4182FE6AC9D2BF1263F_0, BuildTexture=, CacheKey=TEXTURE_814DCC3DC72143F49509781513CB9855_DXT1_FB38F0E949E0A4951F5CAFB70AE4BC61_07_0000803F0000803F0000803F000000000000803F00000000000000000000803F0000000000000000020000000E000000000000000101000000040000803FFFFFFFFF00000000FF00FF00FFFF8180803B, StartTime=2016.07.08-14.30.04, Duration=293.800995, RunGuid=RunID6A38CD7E46A4268F60B7E287FBA979FD
DDCTransactionId3D268C204563D19665CFA69340419372_23, PutCachedData=, CacheKey=TEXTURE_814DCC3DC72143F49509781513CB9855_DXT1_FB38F0E949E0A4951F5CAFB70AE4BC61__68BCE615505FB3B45C803BE22B1D58BAB2EA28F9, StartTime=2016.07.08-14.30.04, HierarchicalDDC=, DataSize=524550, Duration=3.019217, RunGuid=RunID6A38CD7E46A4268F60B7E287FBA979FD
DDCTransactionId0CD0B7B5484398BCDCEF7DAEF7C70828_17, PutCachedData=, CacheKey=TEXTURE_814DCC3DC72143F49509781513CB9855_DXT1_186D77C04D961C81DDFC628D4F9DB0BC__67C476B10F18EE1AA83B9C93A56CA4674838ADE2, StartTime=2016.07.08-14.30.04, HierarchicalDDC=, DataSize=524550, Duration=2.812762, RunGuid=RunID6A38CD7E46A4268F60B7E287FBA979FD
DDCTransactionIdC59F303D4982DFCDB46D288458C4AB90_17, PutCachedData=, CacheKey=TEXTURE_814DCC3DC72143F49509781513CB9855_DXT1_FB38F0E949E0A4951F5CAFB70AE4BC61__75BF4FF8E88791A2B868A2B3B8727D6B808EFD8D, StartTime=2016.07.08-14.30.04, HierarchicalDDC=, DataSize=131332, Duration=2.615016, RunGuid=RunID6A38CD7E46A4268F60B7E287FBA979FD
DDCTransactionIdE47FF6D440CDB4182FE6AC9D2BF1263F_1, BuildTexture=, CacheKey=TEXTURE_814DCC3DC72143F49509781513CB9855_AutoDXT_DF15E17940C3953C2D9C039997130380_07_0000803F0000803F0000803F000000000000803F00000000000000000000803F0000000000000000020000000E000000000000000101000000040000803FFFFFFFFF00000000FF00FF00FFFF8180803B, StartTime=2016.07.08-14.30.04, Duration=206.066193, RunGuid=RunID6A38CD7E46A4268F60B7E287FBA979FD
DDCTransactionId3D268C204563D19665CFA69340419372_24, PutCachedData=, CacheKey=TEXTURE_814DCC3DC72143F49509781513CB9855_DXT1_FB38F0E949E0A4951F5CAFB70AE4BC61__D13EDF3B146024D013E6F44135806F83909710A0, StartTime=2016.07.08-14.30.04, HierarchicalDDC=, DataSize=33028, Duration=1.962095, RunGuid=RunID6A38CD7E46A4268F60B7E287FBA979FD
DDCTransactionIdC59F303D4982DFCDB46D288458C4AB90_18, PutCachedData=, CacheKey=TEXTURE_814DCC3DC72143F49509781513CB9855_DXT1_FB38F0E949E0A4951F5CAFB70AE4BC61__D79B61C9499EDB732A3E906A3D5B05312A017B28, StartTime=2016.07.08-14.30.04, HierarchicalDDC=, DataSize=8452, Duration=7.695965, RunGuid=RunID6A38CD7E46A4268F60B7E287FBA979FD
DDCTransactionId0CD0B7B5484398BCDCEF7DAEF7C70828_18, PutCachedData=, CacheKey=TEXTURE_814DCC3DC72143F49509781513CB9855_DXT1_FB38F0E949E0A4951F5CAFB70AE4BC61__0A7798A6F845D4C322220892451650A5F02ED1D4, StartTime=2016.07.08-14.30.04, HierarchicalDDC=, DataSize=4437, Duration=1.793805, RunGuid=RunID6A38CD7E46A4268F60B7E287FBA979FD
DDCTransactionId0CD0B7B5484398BCDCEF7DAEF7C70828_19, PutCachedData=, CacheKey=TEXTURE_814DCC3DC72143F49509781513CB9855_DXT1_186D77C04D961C81DDFC628D4F9DB0BC__517C05D84494AA6E90F02580E5633E0A8724E8AD, StartTime=2016.07.08-14.30.04, HierarchicalDDC=, DataSize=131332, Duration=2.077617, RunGuid=RunID6A38CD7E46A4268F60B7E287FBA979FD
DDCTransactionId3D268C204563D19665CFA69340419372_25, PutCachedData=, CacheKey=TEXTURE_814DCC3DC72143F49509781513CB9855_DXT1_186D77C04D961C81DDFC628D4F9DB0BC__4CFDE26A2BA05C7210BA96C5683764D74A425D51, StartTime=2016.07.08-14.30.04, HierarchicalDDC=, DataSize=33028, Duration=1.884226, RunGuid=RunID6A38CD7E46A4268F60B7E287FBA979FD
DDCTransactionId3D268C204563D19665CFA69340419372_26, PutCachedData=, CacheKey=TEXTURE_814DCC3DC72143F49509781513CB9855_DXT1_186D77C04D961C81DDFC628D4F9DB0BC__D03BDECF8BCE60A4FFA2B9DF8A728370FEC05FB1, StartTime=2016.07.08-14.30.04, HierarchicalDDC=, DataSize=8452, Duration=1.944676, RunGuid=RunID6A38CD7E46A4268F60B7E287FBA979FD
DDCTransactionId0CD0B7B5484398BCDCEF7DAEF7C70828_20, PutCachedData=, CacheKey=TEXTURE_814DCC3DC72143F49509781513CB9855_DXT1_186D77C04D961C81DDFC628D4F9DB0BC__467A8698B04869D579CA6905038A98EB0F50D4D1, StartTime=2016.07.08-14.30.04, HierarchicalDDC=, DataSize=4437, Duration=1.670085, RunGuid=RunID6A38CD7E46A4268F60B7E287FBA979FD
DDCTransactionId0CD0B7B5484398BCDCEF7DAEF7C70828_21, PutCachedData=, CacheKey=TEXTURE_814DCC3DC72143F49509781513CB9855_AutoDXT_1F30C1DB4C5E5EAA62EA888C21C97__B4939554E806C53744FA6DF61E83C74584CC84B2, StartTime=2016.07.08-14.30.04, HierarchicalDDC=, DataSize=524552, Duration=2.528693, RunGuid=RunID6A38CD7E46A4268F60B7E287FBA979FD
DDCTransactionId3D268C204563D19665CFA69340419372_27, PutCachedData=, CacheKey=TEXTURE_814DCC3DC72143F49509781513CB9855_AutoDXT_1F30C1DB4C5E5EAA62EA888C21C97__893E569B47049AC86FBF619D45610DFC254C1BC2, StartTime=2016.07.08-14.30.04, HierarchicalDDC=, DataSize=131335, Duration=2.397034, RunGuid=RunID6A38CD7E46A4268F60B7E287FBA979FD
DDCTransactionIdC59F303D4982DFCDB46D288458C4AB90_19, PutCachedData=, CacheKey=TEXTURE_814DCC3DC72143F49509781513CB9855_AutoDXT_1F30C1DB4C5E5EAA62EA888C21C97__FB667878C86BA217248514F907A993AA8D4365F5, StartTime=2016.07.08-14.30.04, HierarchicalDDC=, DataSize=33031, Duration=2.118602, RunGuid=RunID6A38CD7E46A4268F60B7E287FBA979FD
DDCTransactionIdC59F303D4982DFCDB46D288458C4AB90_20, PutCachedData=, CacheKey=TEXTURE_814DCC3DC72143F49509781513CB9855_AutoDXT_1F30C1DB4C5E5EAA62EA888C21C97__4B962C917B82697AA55C50227EF829882241E886, StartTime=2016.07.08-14.30.04, HierarchicalDDC=, DataSize=8454, Duration=1.702104, RunGuid=RunID6A38CD7E46A4268F60B7E287FBA979FD
DDCTransactionId3D268C204563D19665CFA69340419372_28, PutCachedData=, CacheKey=TEXTURE_814DCC3DC72143F49509781513CB9855_AutoDXT_1F30C1DB4C5E5EAA62EA888C21C97__5B7FC07019D9F702E1977D50731D3ADB81C0C876, StartTime=2016.07.08-14.30.04, HierarchicalDDC=, DataSize=4474, Duration=1.800720, RunGuid=RunID6A38CD7E46A4268F60B7E287FBA979FD
DDCTransactionId251E2795443E9D4F3ABC8D962B718DDB_1, BuildTexture=, CacheKey=TEXTURE_814DCC3DC72143F49509781513CB9855_AutoDXT_2E6477CD4E563C82D01B51A374B28131_07_0000803F0000803F0000803F000000000000803F00000000000000000000803F0000000000000000020000000E000000000000000101000000040000803FFFFFFFFF00000000FF00FF00FFFF8180803B, StartTime=2016.07.08-14.30.04, Duration=435.166260, RunGuid=RunID6A38CD7E46A4268F60B7E287FBA979FD
DDCTransactionId0CD0B7B5484398BCDCEF7DAEF7C70828_22, PutCachedData=, CacheKey=TEXTURE_814DCC3DC72143F49509781513CB9855_AutoDXT_96A899A849795D0E0D3AB7867321C__0E08ED6444D612ADBBA0DAA87AA25FFE84591B23, StartTime=2016.07.08-14.30.04, HierarchicalDDC=, DataSize=524552, Duration=3.981054, RunGuid=RunID6A38CD7E46A4268F60B7E287FBA979FD
DDCTransactionIdC59F303D4982DFCDB46D288458C4AB90_21, PutCachedData=, CacheKey=TEXTURE_814DCC3DC72143F49509781513CB9855_AutoDXT_96A899A849795D0E0D3AB7867321C__60E978730AEDB53C6CAF7A563DC2C211684E690C, StartTime=2016.07.08-14.30.04, HierarchicalDDC=, DataSize=131335, Duration=2.244115, RunGuid=RunID6A38CD7E46A4268F60B7E287FBA979FD
DDCTransactionId3D268C204563D19665CFA69340419372_29, PutCachedData=, CacheKey=TEXTURE_814DCC3DC72143F49509781513CB9855_AutoDXT_96A899A849795D0E0D3AB7867321C__E80CF7A8A726563C3A1CD1A01B3826ED277D6BE0, StartTime=2016.07.08-14.30.04, HierarchicalDDC=, DataSize=33031, Duration=2.143189, RunGuid=RunID6A38CD7E46A4268F60B7E287FBA979FD
DDCTransactionId3D268C204563D19665CFA69340419372_30, PutCachedData=, CacheKey=TEXTURE_814DCC3DC72143F49509781513CB9855_AutoDXT_96A899A849795D0E0D3AB7867321C__764F112E0B2A55ED608E084FA3C4CCF658F3E2E1, StartTime=2016.07.08-14.30.04, HierarchicalDDC=, DataSize=8454, Duration=1.800720, RunGuid=RunID6A38CD7E46A4268F60B7E287FBA979FD
DDCTransactionIdC59F303D4982DFCDB46D288458C4AB90_22, PutCachedData=, CacheKey=TEXTURE_814DCC3DC72143F49509781513CB9855_AutoDXT_96A899A849795D0E0D3AB7867321C__6EF8A17AB2CE9915100256C5FDE934A199CC190D, StartTime=2016.07.08-14.30.04, HierarchicalDDC=, DataSize=4474, Duration=2.029203, RunGuid=RunID6A38CD7E46A4268F60B7E287FBA979FD
DDCTransactionId0CD0B7B5484398BCDCEF7DAEF7C70828_23, PutCachedData=, CacheKey=TEXTURE_814DCC3DC72143F49509781513CB9855_AutoDXT_DF15E17940C3953C2D9C039997130__90FAD7CD5542E4F9B829E46A836B4C91BAF2FBDD, StartTime=2016.07.08-14.30.04, HierarchicalDDC=, DataSize=524552, Duration=2.573006, RunGuid=RunID6A38CD7E46A4268F60B7E287FBA979FD
DDCTransactionId3D268C204563D19665CFA69340419372_31, PutCachedData=, CacheKey=TEXTURE_814DCC3DC72143F49509781513CB9855_AutoDXT_DF15E17940C3953C2D9C039997130__D232B885F43631446B46C4799D960307B92CDF38, StartTime=2016.07.08-14.30.04, HierarchicalDDC=, DataSize=131335, Duration=2.293807, RunGuid=RunID6A38CD7E46A4268F60B7E287FBA979FD
DDCTransactionIdC59F303D4982DFCDB46D288458C4AB90_23, PutCachedData=, CacheKey=TEXTURE_814DCC3DC72143F49509781513CB9855_AutoDXT_DF15E17940C3953C2D9C039997130__FD313ED6E890C32B12E1E71F3DE09F5628060DA7, StartTime=2016.07.08-14.30.04, HierarchicalDDC=, DataSize=33031, Duration=2.294317, RunGuid=RunID6A38CD7E46A4268F60B7E287FBA979FD
DDCTransactionId3D268C204563D19665CFA69340419372_32, PutCachedData=, CacheKey=TEXTURE_814DCC3DC72143F49509781513CB9855_AutoDXT_DF15E17940C3953C2D9C039997130__CA9BEDC3EB792C6E70954DFB5DF10DDE6C3AFCE1, StartTime=2016.07.08-14.30.04, HierarchicalDDC=, DataSize=8454, Duration=1.961071, RunGuid=RunID6A38CD7E46A4268F60B7E287FBA979FD
DDCTransactionIdC59F303D4982DFCDB46D288458C4AB90_24, PutCachedData=, CacheKey=TEXTURE_814DCC3DC72143F49509781513CB9855_AutoDXT_DF15E17940C3953C2D9C039997130__73C0833389E7ED9DBFC1F34E59C4EA2F54606FB6, StartTime=2016.07.08-14.30.04, HierarchicalDDC=, DataSize=4474, Duration=2.079666, RunGuid=RunID6A38CD7E46A4268F60B7E287FBA979FD
DDCTransactionIdCC4252654BE624E596747296F0C5BD0B_1, BuildTexture=, CacheKey=TEXTURE_814DCC3DC72143F49509781513CB9855_AutoDXT_EB01FA4D4A70E434F70708A56F93B33F_07_0000803F0000803F0000803F000000000000803F00000000000000000000803F0000000000000000020000000E000000000000000101000000040000803FFFFFFFFF00000000FF00FF00FFFF8180803B, StartTime=2016.07.08-14.30.04, Duration=3.152411, RunGuid=RunID6A38CD7E46A4268F60B7E287FBA979FD
DDCTransactionIdCAD9F4BD4FF053462AE498B1D27B3258_1, BuildTexture=, CacheKey=TEXTURE_814DCC3DC72143F49509781513CB9855_DXT1_72E6CB2F418FC3A32107A69DAE29379E_07_0000803F0000803F0000803F000000000000803F00000000000000000000803F0000000000000000020000000E000000000000000101000000040000803FFFFFFFFF00000000FF00FF00FFFF8180803B, StartTime=2016.07.08-14.30.04, Duration=177.867126, RunGuid=RunID6A38CD7E46A4268F60B7E287FBA979FD
DDCTransactionId0CD0B7B5484398BCDCEF7DAEF7C70828_24, PutCachedData=, CacheKey=TEXTURE_814DCC3DC72143F49509781513CB9855_AutoDXT_024EBAB447C3CDA81AFD779F9C706__8DFD669F8B34E6A9B77D67F64CC7AF44385CCC6A, StartTime=2016.07.08-14.30.04, HierarchicalDDC=, DataSize=1048841, Duration=4.310459, RunGuid=RunID6A38CD7E46A4268F60B7E287FBA979FD
DDCTransactionId3D268C204563D19665CFA69340419372_33, PutCachedData=, CacheKey=TEXTURE_814DCC3DC72143F49509781513CB9855_AutoDXT_EB01FA4D4A70E434F70708A56F93B__97D7E4A1E2787339095A6CBBC2A977435A7C4A84, StartTime=2016.07.08-14.30.04, HierarchicalDDC=, DataSize=3294, Duration=2.245903, RunGuid=RunID6A38CD7E46A4268F60B7E287FBA979FD
DDCTransactionIdCC4252654BE624E596747296F0C5BD0B_2, BuildTexture=, CacheKey=TEXTURE_814DCC3DC72143F49509781513CB9855_AutoDXT_85B85FB54FEBB4B6E093CFAE51F404EA_07_0000803F0000803F0000803F000000000000803F00000000000000000000803F0000000000000000020000000E000000000000000101000000040000803FFFFFFFFF00000000FF00FF00FFFF8180803B, StartTime=2016.07.08-14.30.04, Duration=1.180075, RunGuid=RunID6A38CD7E46A4268F60B7E287FBA979FD
DDCTransactionIdC59F303D4982DFCDB46D288458C4AB90_25, PutCachedData=, CacheKey=TEXTURE_814DCC3DC72143F49509781513CB9855_AutoDXT_024EBAB447C3CDA81AFD779F9C706__E4C8685320E2B2B9235D0ACBDF23A076100B1BB2, StartTime=2016.07.08-14.30.04, HierarchicalDDC=, DataSize=262407, Duration=5.882949, RunGuid=RunID6A38CD7E46A4268F60B7E287FBA979FD
DDCTransactionId3D268C204563D19665CFA69340419372_34, PutCachedData=, CacheKey=TEXTURE_814DCC3DC72143F49509781513CB9855_AutoDXT_85B85FB54FEBB4B6E093CFAE51F40__D62CB3F7B5ED15885E0BE327B1801FA17CAAE47A, StartTime=2016.07.08-14.30.04, HierarchicalDDC=, DataSize=6014, Duration=1.790732, RunGuid=RunID6A38CD7E46A4268F60B7E287FBA979FD
DDCTransactionIdCC4252654BE624E596747296F0C5BD0B_3, BuildTexture=, CacheKey=TEXTURE_814DCC3DC72143F49509781513CB9855_DXT1_275D99B841A1C8F29DFE97A58ACC2BDD_07_0000803F0000803F0000803F000000000000803F00000000000000000000803F0000000000000000020000000E000000000000000101000000040000803FFFFFFFFF00000000FF00FF00FFFF8180803B, StartTime=2016.07.08-14.30.04, Duration=4.409079, RunGuid=RunID6A38CD7E46A4268F60B7E287FBA979FD
DDCTransactionId3D268C204563D19665CFA69340419372_35, PutCachedData=, CacheKey=TEXTURE_814DCC3DC72143F49509781513CB9855_AutoDXT_024EBAB447C3CDA81AFD779F9C706__E6029D5F2E79B0ED51C61D2B95403A2D84C3AB27, StartTime=2016.07.08-14.30.04, HierarchicalDDC=, DataSize=65799, Duration=2.201080, RunGuid=RunID6A38CD7E46A4268F60B7E287FBA979FD
DDCTransactionId0CD0B7B5484398BCDCEF7DAEF7C70828_25, PutCachedData=, CacheKey=TEXTURE_814DCC3DC72143F49509781513CB9855_AutoDXT_024EBAB447C3CDA81AFD779F9C706__0FD74F080EB9F6D837D307DA14772204D73D3DEE, StartTime=2016.07.08-14.30.04, HierarchicalDDC=, DataSize=16647, Duration=2.680074, RunGuid=RunID6A38CD7E46A4268F60B7E287FBA979FD
DDCTransactionId3D268C204563D19665CFA69340419372_36, PutCachedData=, CacheKey=TEXTURE_814DCC3DC72143F49509781513CB9855_AutoDXT_024EBAB447C3CDA81AFD779F9C706__F19BFB2705FCC24885035C6905B76E26AA9C087D, StartTime=2016.07.08-14.30.04, HierarchicalDDC=, DataSize=7196, Duration=1.828130, RunGuid=RunID6A38CD7E46A4268F60B7E287FBA979FD
DDCTransactionId0CD0B7B5484398BCDCEF7DAEF7C70828_26, PutCachedData=, CacheKey=TEXTURE_814DCC3DC72143F49509781513CB9855_DXT1_275D99B841A1C8F29DFE97A58ACC2BDD__E3D301624776BAA008E36AC67C9B55CDFAE0B608, StartTime=2016.07.08-14.30.04, HierarchicalDDC=, DataSize=3267, Duration=1.906510, RunGuid=RunID6A38CD7E46A4268F60B7E287FBA979FD
DDCTransactionIdC59F303D4982DFCDB46D288458C4AB90_26, PutCachedData=, CacheKey=TEXTURE_814DCC3DC72143F49509781513CB9855_AutoDXT_1263410B47981AB82426DABEAEA72__0E3B429EF2CCE774332EBC73C973249A31DBA825, StartTime=2016.07.08-14.30.05, HierarchicalDDC=, DataSize=1048841, Duration=4.272804, RunGuid=RunID6A38CD7E46A4268F60B7E287FBA979FD
DDCTransactionId3D268C204563D19665CFA69340419372_37, PutCachedData=, CacheKey=TEXTURE_814DCC3DC72143F49509781513CB9855_AutoDXT_1263410B47981AB82426DABEAEA72__77969642A16E691569E214E4FE091A79F5940F6B, StartTime=2016.07.08-14.30.05, HierarchicalDDC=, DataSize=262407, Duration=2.794318, RunGuid=RunID6A38CD7E46A4268F60B7E287FBA979FD
DDCTransactionId0CD0B7B5484398BCDCEF7DAEF7C70828_27, PutCachedData=, CacheKey=TEXTURE_814DCC3DC72143F49509781513CB9855_AutoDXT_1263410B47981AB82426DABEAEA72__6A4FE7187C4AF4052AC4F699FAC65CEE4864F508, StartTime=2016.07.08-14.30.05, HierarchicalDDC=, DataSize=65799, Duration=2.411377, RunGuid=RunID6A38CD7E46A4268F60B7E287FBA979FD
DDCTransactionId0CD0B7B5484398BCDCEF7DAEF7C70828_28, PutCachedData=, CacheKey=TEXTURE_814DCC3DC72143F49509781513CB9855_AutoDXT_1263410B47981AB82426DABEAEA72__4EF63E02F9E81D8F735C37EB87533FF154E2FE53, StartTime=2016.07.08-14.30.05, HierarchicalDDC=, DataSize=16647, Duration=1.831461, RunGuid=RunID6A38CD7E46A4268F60B7E287FBA979FD
DDCTransactionId3D268C204563D19665CFA69340419372_38, PutCachedData=, CacheKey=TEXTURE_814DCC3DC72143F49509781513CB9855_AutoDXT_1263410B47981AB82426DABEAEA72__8D2C80637F7BA529F6C796BD12C906A53B4D4C24, StartTime=2016.07.08-14.30.05, HierarchicalDDC=, DataSize=7196, Duration=1.810968, RunGuid=RunID6A38CD7E46A4268F60B7E287FBA979FD
DDCTransactionIdC59F303D4982DFCDB46D288458C4AB90_27, PutCachedData=, CacheKey=TEXTURE_814DCC3DC72143F49509781513CB9855_DXT1_72E6CB2F418FC3A32107A69DAE29379E__AEAD50C250CBC1A6A00E9B1EC8B8FC3E39943C44, StartTime=2016.07.08-14.30.05, HierarchicalDDC=, DataSize=524550, Duration=2.661120, RunGuid=RunID6A38CD7E46A4268F60B7E287FBA979FD
DDCTransactionId0CD0B7B5484398BCDCEF7DAEF7C70828_29, PutCachedData=, CacheKey=TEXTURE_814DCC3DC72143F49509781513CB9855_DXT1_72E6CB2F418FC3A32107A69DAE29379E__C783B71CC2F8A268FAA7954902FA3F7F845381CB, StartTime=2016.07.08-14.30.05, HierarchicalDDC=, DataSize=131332, Duration=2.448261, RunGuid=RunID6A38CD7E46A4268F60B7E287FBA979FD
DDCTransactionId3D268C204563D19665CFA69340419372_39, PutCachedData=, CacheKey=TEXTURE_814DCC3DC72143F49509781513CB9855_DXT1_72E6CB2F418FC3A32107A69DAE29379E__013FCA4EB6D45D5E98EAC198AA6B53B8D3135823, StartTime=2016.07.08-14.30.05, HierarchicalDDC=, DataSize=33028, Duration=2.451338, RunGuid=RunID6A38CD7E46A4268F60B7E287FBA979FD
DDCTransactionId0CD0B7B5484398BCDCEF7DAEF7C70828_30, PutCachedData=, CacheKey=TEXTURE_814DCC3DC72143F49509781513CB9855_DXT1_72E6CB2F418FC3A32107A69DAE29379E__5D5518770DB5FCF049CB7AEBB8DCADDAA9264C01, StartTime=2016.07.08-14.30.05, HierarchicalDDC=, DataSize=8452, Duration=2.012044, RunGuid=RunID6A38CD7E46A4268F60B7E287FBA979FD
DDCTransactionId3D268C204563D19665CFA69340419372_40, PutCachedData=, CacheKey=TEXTURE_814DCC3DC72143F49509781513CB9855_DXT1_72E6CB2F418FC3A32107A69DAE29379E__001339D346E5BBD7712AEE8A427A9397C6342EB3, StartTime=2016.07.08-14.30.05, HierarchicalDDC=, DataSize=4437, Duration=1.649592, RunGuid=RunID6A38CD7E46A4268F60B7E287FBA979FD
DDCTransactionIdC59F303D4982DFCDB46D288458C4AB90_28, PutCachedData=, CacheKey=TEXTURE_814DCC3DC72143F49509781513CB9855_AutoDXT_2E6477CD4E563C82D01B51A374B28__F634CC543208590B9F6752A4D0729090ACA9AF37, StartTime=2016.07.08-14.30.05, HierarchicalDDC=, DataSize=1048841, Duration=3.363222, RunGuid=RunID6A38CD7E46A4268F60B7E287FBA979FD
DDCTransactionId3D268C204563D19665CFA69340419372_41, PutCachedData=, CacheKey=TEXTURE_814DCC3DC72143F49509781513CB9855_AutoDXT_2E6477CD4E563C82D01B51A374B28__DED2ED75DF8C20F8A65B5896DC4CCA95470C8C77, StartTime=2016.07.08-14.30.05, HierarchicalDDC=, DataSize=262407, Duration=2.615016, RunGuid=RunID6A38CD7E46A4268F60B7E287FBA979FD
DDCTransactionId0CD0B7B5484398BCDCEF7DAEF7C70828_31, PutCachedData=, CacheKey=TEXTURE_814DCC3DC72143F49509781513CB9855_AutoDXT_2E6477CD4E563C82D01B51A374B28__C1792B80892654D2EC684BE41434A1468B1B2680, StartTime=2016.07.08-14.30.05, HierarchicalDDC=, DataSize=65799, Duration=2.540987, RunGuid=RunID6A38CD7E46A4268F60B7E287FBA979FD
DDCTransactionId3D268C204563D19665CFA69340419372_42, PutCachedData=, CacheKey=TEXTURE_814DCC3DC72143F49509781513CB9855_AutoDXT_2E6477CD4E563C82D01B51A374B28__10F76710AF37C79FB5E28FAABD710A698DD4357C, StartTime=2016.07.08-14.30.05, HierarchicalDDC=, DataSize=16647, Duration=1.693394, RunGuid=RunID6A38CD7E46A4268F60B7E287FBA979FD
DDCTransactionId0CD0B7B5484398BCDCEF7DAEF7C70828_32, PutCachedData=, CacheKey=TEXTURE_814DCC3DC72143F49509781513CB9855_AutoDXT_2E6477CD4E563C82D01B51A374B28__D883C4D8784ACC791881D912E6AA1C8D33E4476E, StartTime=2016.07.08-14.30.05, HierarchicalDDC=, DataSize=7196, Duration=2.023313, RunGuid=RunID6A38CD7E46A4268F60B7E287FBA979FD
DDCTransactionIdCC4252654BE624E596747296F0C5BD0B_4, BuildTexture=, CacheKey=TEXTURE_814DCC3DC72143F49509781513CB9855_G8_AC2DD8A846CC94EB0D45F49877C83C9E_07_0000803F0000803F0000803F000000000000803F00000000000000000000803F0000000000000000020000000E000000000000000101000000040000803FFFFFFFFF00000000FF00FF00FFFF8180803B, StartTime=2016.07.08-14.30.05, Duration=68.104889, RunGuid=RunID6A38CD7E46A4268F60B7E287FBA979FD
DDCTransactionIdC59F303D4982DFCDB46D288458C4AB90_29, PutCachedData=, CacheKey=TEXTURE_814DCC3DC72143F49509781513CB9855_G8_AC2DD8A846CC94EB0D45F49877C83C9E_0__112CBEF751BD6148ADBC8BE72F6ED71D3D704231, StartTime=2016.07.08-14.30.05, HierarchicalDDC=, DataSize=2097412, Duration=5.723625, RunGuid=RunID6A38CD7E46A4268F60B7E287FBA979FD
DDCTransactionId3D268C204563D19665CFA69340419372_43, PutCachedData=, CacheKey=TEXTURE_814DCC3DC72143F49509781513CB9855_G8_AC2DD8A846CC94EB0D45F49877C83C9E_0__82A496B600F25FCE886AE2241AC5854C82C4A601, StartTime=2016.07.08-14.30.05, HierarchicalDDC=, DataSize=524547, Duration=2.675719, RunGuid=RunID6A38CD7E46A4268F60B7E287FBA979FD
DDCTransactionId0CD0B7B5484398BCDCEF7DAEF7C70828_33, PutCachedData=, CacheKey=TEXTURE_814DCC3DC72143F49509781513CB9855_G8_AC2DD8A846CC94EB0D45F49877C83C9E_0__3B17DC4C3F892C21F833C4110B1BE88E54578952, StartTime=2016.07.08-14.30.05, HierarchicalDDC=, DataSize=131330, Duration=2.244111, RunGuid=RunID6A38CD7E46A4268F60B7E287FBA979FD
DDCTransactionId0CD0B7B5484398BCDCEF7DAEF7C70828_34, PutCachedData=, CacheKey=TEXTURE_814DCC3DC72143F49509781513CB9855_G8_AC2DD8A846CC94EB0D45F49877C83C9E_0__526C68D452F5D28C51F98AA74C9E4010E19025AF, StartTime=2016.07.08-14.30.05, HierarchicalDDC=, DataSize=33026, Duration=1.875773, RunGuid=RunID6A38CD7E46A4268F60B7E287FBA979FD
DDCTransactionId3D268C204563D19665CFA69340419372_44, PutCachedData=, CacheKey=TEXTURE_814DCC3DC72143F49509781513CB9855_G8_AC2DD8A846CC94EB0D45F49877C83C9E_0__79023F2D5E12DB0A62D073AB748FEEF3205F34FD, StartTime=2016.07.08-14.30.05, HierarchicalDDC=, DataSize=8449, Duration=1.650360, RunGuid=RunID6A38CD7E46A4268F60B7E287FBA979FD
DDCTransactionId3D268C204563D19665CFA69340419372_45, PutCachedData=, CacheKey=TEXTURE_814DCC3DC72143F49509781513CB9855_G8_AC2DD8A846CC94EB0D45F49877C83C9E_0__A07C578B062A3715E96D08429EB1BE1E80A3F7B7, StartTime=2016.07.08-14.30.05, HierarchicalDDC=, DataSize=4702, Duration=1.549695, RunGuid=RunID6A38CD7E46A4268F60B7E287FBA979FD
DDCTransactionId251E2795443E9D4F3ABC8D962B718DDB_2, BuildTexture=, CacheKey=TEXTURE_814DCC3DC72143F49509781513CB9855_G8_E81DDD6242F6D71470B3CDBFDE2748CC_07_0000803F0000803F0000803F000000000000803F00000000000000000000803F0000000000000000020000000E000000000000000101000000040000803FFFFFFFFF00000000FF00FF00FFFF8180803B, StartTime=2016.07.08-14.30.05, Duration=13.879891, RunGuid=RunID6A38CD7E46A4268F60B7E287FBA979FD
DDCTransactionId4D1D2FAA4919E61ED77AAABD11CF3434_1, BuildTexture=, CacheKey=TEXTURE_814DCC3DC72143F49509781513CB9855_G8_7DCF8D824888430D6320C094CB0D2AFA_07_0000803F0000803F0000803F000000000000803F00000000000000000000803F0000000000000000020000000E000000000000000101000000040000803FFFFFFFFF00000000FF00FF00FFFF8180803B, StartTime=2016.07.08-14.30.05, Duration=0.144213, RunGuid=RunID6A38CD7E46A4268F60B7E287FBA979FD
DDCTransactionId0CD0B7B5484398BCDCEF7DAEF7C70828_35, PutCachedData=, CacheKey=TEXTURE_814DCC3DC72143F49509781513CB9855_G8_7DCF8D824888430D6320C094CB0D2AFA_0__E7E2433ED996303897DD0883CCB851A751DE05FA, StartTime=2016.07.08-14.30.05, HierarchicalDDC=, DataSize=3250, Duration=1.935456, RunGuid=RunID6A38CD7E46A4268F60B7E287FBA979FD
DDCTransactionIdC59F303D4982DFCDB46D288458C4AB90_30, PutCachedData=, CacheKey=TEXTURE_814DCC3DC72143F49509781513CB9855_G8_E81DDD6242F6D71470B3CDBFDE2748CC_0__4D1561062C5BECEB9DA95FC203DC2D954B48DE03, StartTime=2016.07.08-14.30.05, HierarchicalDDC=, DataSize=524547, Duration=2.772804, RunGuid=RunID6A38CD7E46A4268F60B7E287FBA979FD
DDCTransactionId3D268C204563D19665CFA69340419372_46, PutCachedData=, CacheKey=TEXTURE_814DCC3DC72143F49509781513CB9855_G8_E81DDD6242F6D71470B3CDBFDE2748CC_0__6B596DB2FB2672DE8FACEEC8AF6F248C1614CD9A, StartTime=2016.07.08-14.30.05, HierarchicalDDC=, DataSize=131330, Duration=2.447497, RunGuid=RunID6A38CD7E46A4268F60B7E287FBA979FD
DDCTransactionId0CD0B7B5484398BCDCEF7DAEF7C70828_36, PutCachedData=, CacheKey=TEXTURE_814DCC3DC72143F49509781513CB9855_G8_E81DDD6242F6D71470B3CDBFDE2748CC_0__E7533E49A95749BBB4352EA6A37EC1CA8018211D, StartTime=2016.07.08-14.30.05, HierarchicalDDC=, DataSize=33026, Duration=2.381664, RunGuid=RunID6A38CD7E46A4268F60B7E287FBA979FD
DDCTransactionId0CD0B7B5484398BCDCEF7DAEF7C70828_37, PutCachedData=, CacheKey=TEXTURE_814DCC3DC72143F49509781513CB9855_G8_E81DDD6242F6D71470B3CDBFDE2748CC_0__9FD08F76DCA3C881FB45008197D1BA4BA0F18449, StartTime=2016.07.08-14.30.05, HierarchicalDDC=, DataSize=8449, Duration=1.901131, RunGuid=RunID6A38CD7E46A4268F60B7E287FBA979FD
DDCTransactionId3D268C204563D19665CFA69340419372_47, PutCachedData=, CacheKey=TEXTURE_814DCC3DC72143F49509781513CB9855_G8_E81DDD6242F6D71470B3CDBFDE2748CC_0__07FB89A2C59BF0E8CB67491A1033B33DDF7EA255, StartTime=2016.07.08-14.30.05, HierarchicalDDC=, DataSize=4410, Duration=1.828641, RunGuid=RunID6A38CD7E46A4268F60B7E287FBA979FD
SavePackageTransactionIdE99199E04761487CE520C5B9F5B78C63_3, Filename=E:/Unreal Projects 2/Expendable/Content/Maps/TestLevel.umap, AutoPackageBackupDelegate=6.194942, FlushAsyncLoading=0.008453, FlushStreamingFunc=0.048667, BlockTillAllRequestsFinished=0.013318, ResetLoadersForSaveUnMarkAllObjects=44.040550, TagPackageExports=1.259990, BeginCacheForCookedPlatformData=0.002049, SerializeImports=1.702871, GatherLocalizableTextData=9.967234, MarkNames=0.878330, SerializeSummary=0.018187, SerializeNames=0.435963, SerializeGatherableTextData=0.056352, BuildExportMap=0.497695, SortExportsNonSeekfree=0.521261, SortExportsSeekfreeConstructor=0.062499, SortExportsSeekfreeInner=15.660632, SortExportsSeekfree=0.006150, BuildDependencyMap=0.128072, SerializeImportMap=0.053279, SerializeExportMap=0.046108, SerializeDependencyMap=0.006914, SerializeStringAssetReferenceMap=0.001281, SaveThumbNailsAssetRegistryDataWorldLevelInfo=0.840679, SerializeExports=5.301751, SerializeBulkData=318.866852, MoveFile=1.533557, UnaccountedTime=0.642419, RunGuid=RunID6A38CD7E46A4268F60B7E287FBA979FD
DDCTransactionId3D268C204563D19665CFA69340419372_48, PutCachedData=, CacheKey=REFL_FULL_0C6693969CB849AE9F4120FF5812F4D2_9F040EFE4F8B27772E6CB9ABD27CFE23, StartTime=2016.07.08-14.30.16, HierarchicalDDC=, DataSize=350041, Duration=1.770239, RunGuid=RunID6A38CD7E46A4268F60B7E287FBA979FD
SavePackageTransactionIdE99199E04761487CE520C5B9F5B78C63_4, Filename=E:/Unreal Projects 2/Expendable/Content/Maps/TestLevel.umap, AutoPackageBackupDelegate=0.367057, FlushAsyncLoading=0.002306, FlushStreamingFunc=0.037398, BlockTillAllRequestsFinished=0.003330, ResetLoadersForSaveUnMarkAllObjects=45.971649, TagPackageExports=1.623210, BeginCacheForCookedPlatformData=0.006147, SerializeImports=2.002310, GatherLocalizableTextData=8.739512, MarkNames=0.077099, SerializeSummary=0.014346, SerializeNames=0.394724, SerializeGatherableTextData=0.021003, BuildExportMap=0.236936, SortExportsNonSeekfree=0.337861, SortExportsSeekfreeConstructor=0.047386, SortExportsSeekfreeInner=11.867851, SortExportsSeekfree=0.014342, BuildDependencyMap=0.951849, SerializeImportMap=0.043545, SerializeExportMap=0.029713, SerializeDependencyMap=0.009991, SerializeStringAssetReferenceMap=0.001792, SaveThumbNailsAssetRegistryDataWorldLevelInfo=0.894725, SerializeExports=4.758973, SerializeBulkData=226.352615, MoveFile=1.719009, UnaccountedTime=0.588372, RunGuid=RunID6A38CD7E46A4268F60B7E287FBA979FD
DDCTransactionIdC59F303D4982DFCDB46D288458C4AB90_31, PutCachedData=, CacheKey=REFL_FULL_0C6693969CB849AE9F4120FF5812F4D2_9F040EFE4F8B27772E6CB9ABD27CFE23, StartTime=2016.07.08-14.32.30, HierarchicalDDC=, DataSize=350041, Duration=0.410862, RunGuid=RunID6A38CD7E46A4268F60B7E287FBA979FD
SavePackageTransactionIdE99199E04761487CE520C5B9F5B78C63_5, Filename=E:/Unreal Projects 2/Expendable/Content/ThirdPersonBP/Blueprints/ThirdPersonCharacter.uasset, AutoPackageBackupDelegate=0.750516, FlushAsyncLoading=0.003330, FlushStreamingFunc=0.032529, BlockTillAllRequestsFinished=0.003844, ResetLoadersForSaveUnMarkAllObjects=0.124741, TagPackageExports=6.864000, BeginCacheForCookedPlatformData=0.003327, SerializeImports=7.233877, GatherLocalizableTextData=7.808160, MarkNames=0.080943, SerializeSummary=0.012808, SerializeNames=0.267163, SerializeGatherableTextData=0.076331, BuildExportMap=0.163421, SortExportsNonSeekfree=1.423672, SortExportsSeekfreeConstructor=0.008453, SortExportsSeekfreeInner=12.360420, SortExportsSeekfree=0.008710, BuildDependencyMap=0.122696, SerializeImportMap=0.012551, SerializeExportMap=0.043292, SerializeDependencyMap=0.014599, SerializeStringAssetReferenceMap=0.002049, SaveThumbNailsAssetRegistryDataWorldLevelInfo=8.776657, SerializeExports=11.591464, SerializeBulkData=0.008453, MoveFile=0.681352, UnaccountedTime=0.451591, RunGuid=RunID6A38CD7E46A4268F60B7E287FBA979FD
